kreative_superipa,release/kreative/kreative_superipa/source/kreative_superipa.kmn,any,yes,yes,yes,tablet,alt|default|shift|shift-alt,35,DESIGNED
kreative_superlatin,release/kreative/kreative_superlatin/source/kreative_superlatin.kmn,any,yes,yes,yes,tablet,alt|default|shift|shift-alt,96,DESIGNED
kreative_superpet,release/kreative/kreative_superpet/source/kreative_superpet.kmn,any,yes,yes,yes,tablet,alt|default|shift|shift-alt,5,DESIGNED
kreative_supersymbol,release/kreative/kreative_supersymbol/source/kreative_supersymbol.kmn,any,yes,yes,yes,tablet,alt|default|shift|shift-alt,60,DESIGNED
ladino,release/l/ladino/source/ladino.kmn,any,yes,yes,yes,tablet,default|shift,0,DEFAULT_ONLY
lahu,release/l/lahu/source/lahu.kmn,any,yes,yes,yes,tablet,default|numeric|shift,6,DESIGNED
lamkaang,release/l/lamkaang/source/lamkaang.kmn,any,yes,yes,yes,tablet,default|numeric|shift,4,DESIGNED
landuma,release/l/landuma/source/landuma.kmn,any,yes,yes,yes,tablet,capslock|default|numeric|numeric2|shift,93,DESIGNED
lao_2008_basic,release/l/lao_2008_basic/source/lao_2008_basic.kmn,any,yes,yes,yes,tablet,default|rightalt|shift,0,DESIGNED
lao_2008_rapid,release/l/lao_2008_rapid/source/lao_2008_rapid.kmn,desktop,no,no,no,,,0,DESKTOP_ONLY
lao_on_thai_layout,release/l/lao_on_thai_layout/source/lao_on_thai_layout.kmn,any,yes,yes,yes,tablet,default|numeric|shift,0,DESIGNED
lao_pali,release/l/lao_pali/source/lao_pali.kmn,any,yes,yes,yes,phone,default|rightalt|shift,0,DESIGNED
lao_pali_us,release/l/lao_pali_us/source/lao_pali_us.kmn,any,yes,yes,yes,phone,default|shift,0,DESIGNED
lao_phonetic,release/l/lao_phonetic/source/lao_phonetic.kmn,any,yes,yes,yes,phone+tablet,default|numeric|shift,8,DESIGNED
latinized_urdu,release/l/latinized_urdu/source/latinized_urdu.kmn,any,yes,yes,yes,phone,default|numbers|shift|symbols,97,DESIGNED
lavanya,release/l/lavanya/source/lavanya.kmn,any,yes,yes,yes,phone+tablet,default|numeric|shift,4,DESIGNED
laz,release/l/laz/source/laz.kmn,any,yes,yes,yes,phone,caps|default|emoji|numeric|rightalt-shift|shift,35,DESIGNED
lazuri,release/l/lazuri/source/lazuri.kmn,any,yes,yes,yes,phone,default|numeric|shift,4,DESIGNED
libtralo,release/l/libtralo/source/libtralo.kmn,any,yes,yes,yes,phone,default|numeric|shift,32,DESIGNED
linear_b,release/l/linear_b/source/linear_b.kmn,any,yes,yes,yes,tablet,default|shift,0,DEFAULT_ONLY
linear_b_full_syllabary,release/l/linear_b_full_syllabary/source/linear_b_full_syllabary.kmn,any,yes,yes,yes,tablet,default|rightalt|shift,0,DESIGNED
lycian,release/l/lycian/source/lycian.kmn,any,yes,yes,yes,phone,default,0,DESIGNED
lydian,release/l/lydian/source/lydian.kmn,any,yes,yes,yes,phone,default,0,DESIGNED
mahajani_inscript,release/m/mahajani_inscript/source/mahajani_inscript.kmn,any,yes,yes,yes,tablet,default|shift,11,DESIGNED
makasar_inscript,release/m/makasar_inscript/source/makasar_inscript.kmn,any,yes,yes,yes,phone,default|numeric,3,DESIGNED
malar_braille,release/m/malar_braille/source/malar_braille.kmn,any,yes,yes,yes,tablet,default,0,DEFAULT_ONLY
malar_malayalam,release/m/malar_malayalam/source/malar_malayalam.kmn,any,yes,yes,yes,phone+tablet,caps|default|extra|numeric|shift,4,DESIGNED
malar_malayalam_inscript,release/m/malar_malayalam_inscript/source/malar_malayalam_inscript.kmn,any,yes,yes,yes,tablet,caps|default|rightalt|rightalt-shift|shift,2,DESIGNED
malar_tirhuta,release/m/malar_tirhuta/source/malar_tirhuta.kmn,any,yes,yes,yes,tablet,default|shift,1,DESIGNED
malay_jawi,release/m/malay_jawi/source/malay_jawi.kmn,any,yes,yes,yes,tablet,default|shift,0,DEFAULT_ONLY
maltese,release/m/maltese/source/maltese.kmn,any,yes,yes,yes,tablet,default|shift,0,DEFAULT_ONLY
manchu,release/m/manchu/source/manchu.kmn,any,yes,yes,yes,tablet,currencies|default|numeric|shift,26,DESIGNED
mandaic_phonetic,release/m/mandaic_phonetic/source/mandaic_phonetic.kmn,any,yes,yes,yes,tablet,default|shift|shift-ctrl,0,DESIGNED
manichaean,release/m/manichaean/source/manichaean.kmn,any,yes,yes,yes,tablet,default|shift,0,DEFAULT_ONLY
mara,release/m/mara/source/mara.kmn,any,yes,yes,yes,phone,default|numeric|shift,10,DESIGNED
marchen_direct_input,release/m/marchen_direct_input/source/marchen_direct_input.kmn,any,yes,yes,yes,tablet,default|shift,0,DEFAULT_ONLY
masaram_gondi,release/m/masaram_gondi/source/masaram_gondi.kmn,any,yes,yes,yes,tablet,default|shift,3,DESIGNED
me_en,release/m/me_en/source/me_en.kmn,any,yes,yes,yes,phone,default|numeric|shift|symbol,53,DESIGNED
medefaidrin,release/m/medefaidrin/source/medefaidrin.kmn,any,yes,yes,yes,phone,default|numeric|shift,26,DESIGNED
meroitic_cursive,release/m/meroitic_cursive/source/meroitic_cursive.kmn,any,yes,yes,yes,phone,default|numeric,16,DESIGNED
meroitic_hieroglyphs,release/m/meroitic_hieroglyphs/source/meroitic_hieroglyphs.kmn,any,yes,yes,yes,tablet,default|shift,0,DEFAULT_ONLY
mingrelian_cyrillic,release/m/mingrelian_cyrillic/source/mingrelian_cyrillic.kmn,any,yes,yes,yes,tablet,default|shift,24,DESIGNED
mising,release/m/mising/source/mising.kmn,any,yes,yes,yes,phone,caps|default|numeric|shift,26,DESIGNED
mitterhofer,release/m/mitterhofer/source/mitterhofer.kmn,any,yes,yes,yes,tablet,default|shift,0,DEFAULT_ONLY
modi_inscript,release/m/modi_inscript/source/modi_inscript.kmn,any,yes,yes,yes,phone,default|numeric|shift,4,DESIGNED
modi_kagapa_phonetic,release/m/modi_kagapa_phonetic/source/modi_kagapa_phonetic.kmn,any,yes,yes,yes,tablet,default|rightalt|rightalt-shift|shift,4,DESIGNED
mon_anonta,release/m/mon_anonta/source/mon_anonta.kmn,any,yes,yes,yes,phone,default|numeric|shift|symbol,4,DESIGNED
mon_k_nemin,release/m/mon_k_nemin/source/mon_k_nemin.kmn,any,yes,yes,yes,phone,default|numeric|shift|symbol,44,DESIGNED
mon_phonetic,release/m/mon_phonetic/source/mon_phonetic.kmn,any,yes,yes,yes,phone,default|numeric|shift|symbol,4,DESIGNED
mongolian_cyrillic_qwerty,release/m/mongolian_cyrillic_qwerty/source/mongolian_cyrillic_qwerty.kmn,any,yes,yes,yes,tablet,default|shift|symbol,0,DESIGNED
mozhi_malayalam,release/m/mozhi_malayalam/source/mozhi_malayalam.kmn,web desktop,yes,no,no,,,0,DESKTOP_ONLY
mro_phonetic,release/m/mro_phonetic/source/mro_phonetic.kmn,any,yes,yes,yes,tablet,default|rightalt|shift,0,DESIGNED
multani_inscript,release/m/multani_inscript/source/multani_inscript.kmn,any,yes,yes,yes,phone,default|numeric|shift,4,DESIGNED
multi_pak_phonetic,release/m/multi_pak_phonetic/source/multi_pak_phonetic.kmn,web desktop,yes,no,no,,,0,DESKTOP_ONLY
myancode_san,release/m/myancode_san/source/myancode_san.kmn,any,yes,yes,yes,tablet,default|rightalt|shift,0,DESIGNED
nabataean_inscript,release/n/nabataean_inscript/source/nabataean_inscript.kmn,any,yes,yes,yes,phone,default|numeric,3,DESIGNED
nag_mundari,release/n/nag_mundari/source/nag_mundari.kmn,any,yes,yes,yes,phone,default|numeric,3,DESIGNED
nailangs,release/n/nailangs/source/nailangs.kmn,any,yes,yes,yes,tablet,default|numeric|shift|symbol,30,DESIGNED
nandinagari_inscript,release/n/nandinagari_inscript/source/nandinagari_inscript.kmn,any,yes,yes,yes,tablet,default|shift,0,DEFAULT_ONLY
nepali_romanized,release/n/nepali_romanized/source/nepali_romanized.kmn,any,yes,yes,yes,phone+tablet,default|numeric|shift|symbol,25,DESIGNED
nepali_traditional,release/n/nepali_traditional/source/nepali_traditional.kmn,any,yes,yes,yes,phone+tablet,default|numeric|shift|symbol,49,DESIGNED
netgkb,release/n/netgkb/source/netgkb.kmn,any,yes,yes,yes,tablet,default|shift,0,DEFAULT_ONLY
newa_romanized,release/n/newa_romanized/source/newa_romanized.kmn,any,yes,yes,yes,phone,default|numeric|shift,27,DESIGNED
newa_traditional,release/n/newa_traditional/source/newa_traditional.kmn,any,yes,yes,yes,phone+tablet,default|numeric|shift|symbol,58,DESIGNED
newa_traditional_extended,release/n/newa_traditional_extended/source/newa_traditional_extended.kmn,any,yes,yes,yes,phone+tablet,default|numeric|shift,76,DESIGNED
nguphing,release/n/nguphing/source/nguphing.kmn,any,yes,yes,yes,tablet,default|numeric|shift,17,DESIGNED
nias,release/n/nias/source/nias.kmn,any,yes,yes,yes,phone+tablet,default|numeric|shift|symbol,50,DESIGNED
nisenan,release/n/nisenan/source/nisenan.kmn,any,yes,yes,yes,tablet,default|numeric|shift,4,DESIGNED
nko,release/n/nko/source/nko.kmn,any,yes,yes,yes,tablet,default|shift,0,DEFAULT_ONLY
nkonya,release/n/nkonya/source/nkonya.kmn,any,yes,yes,yes,tablet,default|shift,10,DESIGNED
nobonob,release/n/nobonob/source/nobonob.kmn,any,yes,yes,yes,tablet,default|shift,0,DEFAULT_ONLY
northern_sierra_miwok,release/n/northern_sierra_miwok/source/northern_sierra_miwok.kmn,any,yes,yes,yes,tablet,default|numeric|shift,4,DESIGNED
ntl_onekey,release/n/ntl_onekey/source/ntl_onekey.kmn,any,yes,yes,yes,phone,default|numeric|shift,61,DESIGNED
numanggang,release/n/numanggang/source/numanggang.kmn,any,yes,yes,yes,phone,default|numeric|shift,4,DESIGNED
nw_iranian_latin,release/n/nw_iranian_latin/source/nw_iranian_latin.kmn,any,yes,yes,yes,phone+tablet,default|numeric|shift,86,DESIGNED
nyiakeng_puachue_hmong,release/n/nyiakeng_puachue_hmong/source/nyiakeng_puachue_hmong.kmn,any,yes,yes,yes,tablet,default|rightalt|shift,0,DESIGNED
nzema,release/n/nzema/source/nzema.kmn,any,yes,yes,yes,tablet,default|shift,0,DEFAULT_ONLY
nlci_bengali_winscript,release/nlci/nlci_bengali_winscript/source/nlci_bengali_winscript.kmn,any,yes,yes,yes,tablet,default|shift,0,DEFAULT_ONLY
nlci_devanagari_winscript,release/nlci/nlci_devanagari_winscript/source/nlci_devanagari_winscript.kmn,any,yes,yes,yes,tablet,default|shift,0,DEFAULT_ONLY
nlci_gujarati_winscript,release/nlci/nlci_gujarati_winscript/source/nlci_gujarati_winscript.kmn,any,yes,yes,yes,tablet,default|shift,0,DEFAULT_ONLY
nlci_gurmukhi_winscript,release/nlci/nlci_gurmukhi_winscript/source/nlci_gurmukhi_winscript.kmn,any,yes,yes,yes,tablet,default|shift,0,DEFAULT_ONLY
nlci_ipa,release/nlci/nlci_ipa/source/nlci_ipa.kmn,any,yes,yes,yes,tablet,ctrl-alt|default|shift|shift-ctrl|shift-ctrl-alt,5,DESIGNED
nlci_kannada_winscript,release/nlci/nlci_kannada_winscript/source/nlci_kannada_winscript.kmn,any,yes,yes,yes,tablet,default|shift,9,DESIGNED
nlci_malayalam_winscript,release/nlci/nlci_malayalam_winscript/source/nlci_malayalam_winscript.kmn,any,yes,yes,yes,tablet,default|shift,0,DEFAULT_ONLY
nlci_oriya_winscript,release/nlci/nlci_oriya_winscript/source/nlci_oriya_winscript.kmn,any,yes,yes,yes,tablet,default|shift,0,DEFAULT_ONLY
nlci_tamil_winscript,release/nlci/nlci_tamil_winscript/source/nlci_tamil_winscript.kmn,any,yes,yes,yes,tablet,default|shift,0,DEFAULT_ONLY
nlci_telugu_winscript,release/nlci/nlci_telugu_winscript/source/nlci_telugu_winscript.kmn,any,yes,yes,yes,tablet,default|shift,0,DEFAULT_ONLY
nrc_crk_cans,release/nrc/nrc_crk_cans/source/nrc_crk_cans.kmn,mobile,yes,yes,yes,phone,cV|cwV|default|kV|kwV|mV|mwV|nV|numeric|nwV|pV|pwV|sV|swV|tV|twV|wV|yV|ywV,20,DESIGNED
nrc_makah,release/nrc/nrc_makah/source/nrc_makah.kmn,any,yes,yes,yes,phone,default|numeric|shift,32,DESIGNED
o_tissi,release/o/o_tissi/source/o_tissi.kmn,any,yes,yes,yes,phone,default|numeric|shift|symbol,37,DESIGNED
obolo_chwerty,release/o/obolo_chwerty/source/obolo_chwerty.kmn,any,yes,yes,yes,tablet,alt|caps|default|num|shift,158,DESIGNED
obolo_qwerty,release/o/obolo_qwerty/source/obolo_qwerty.kmn,any,yes,yes,yes,tablet,alt|default|shift,57,DESIGNED
old_hungarian,release/o/old_hungarian/source/old_hungarian.kmn,any,yes,yes,yes,phone,caps|default|rightalt|shift,13,DESIGNED
old_hungarian_carpathian_highlands,release/o/old_hungarian_carpathian_highlands/source/old_hungarian_carpathian_highlands.kmn,web desktop,yes,no,no,,,0,DESKTOP_ONLY
old_north_arabian_phonetic,release/o/old_north_arabian_phonetic/source/old_north_arabian_phonetic.kmn,any,yes,yes,yes,phone,default|numeric,3,DESIGNED
old_permic,release/o/old_permic/source/old_permic.kmn,any,yes,yes,yes,phone,default|numeric,13,DESIGNED
old_persian,release/o/old_persian/source/old_persian.kmn,any,yes,yes,yes,tablet,default|shift,0,DEFAULT_ONLY
old_sogdian,release/o/old_sogdian/source/old_sogdian.kmn,any,yes,yes,yes,tablet,default|shift,0,DEFAULT_ONLY
old_turkic_udw21_qwerty,release/o/old_turkic_udw21_qwerty/source/old_turkic_udw21_qwerty.kmn,any,yes,yes,yes,tablet,default,0,DEFAULT_ONLY
old_uyghur,release/o/old_uyghur/source/old_uyghur.kmn,any,yes,yes,yes,tablet,default|shift,0,DEFAULT_ONLY
optitrans_devanagari_sanskrit_pre_vedic,release/o/optitrans_devanagari_sanskrit_pre_vedic/source/optitrans_devanagari_sanskrit_pre_vedic.kmn,any,yes,yes,yes,tablet,default|shift,0,DEFAULT_ONLY
orma,release/o/orma/source/orma.kmn,any mobile,yes,yes,yes,desktop+phone,default|numeric|shift,55,DESIGNED
osage_nation,release/o/osage_nation/source/osage_nation.kmn,any,yes,yes,yes,phone,default|numeric|shift,24,DESIGNED
osage_nation_new,release/o/osage_nation_new/source/osage_nation_new.kmn,any,yes,yes,yes,phone,default|numeric|shift,6,DESIGNED
otoe_missouria,release/o/otoe_missouria/source/otoe_missouria.kmn,any,yes,yes,yes,phone,default|numerals|rightalt|shift,0,DESIGNED
pa_oh,release/p/pa_oh/source/pa_oh.kmn,any,yes,yes,yes,tablet,default|shift,0,DEFAULT_ONLY
pahawh_hmong_basic,release/p/pahawh_hmong_basic/source/pahawh_hmong_basic.kmn,any,yes,yes,yes,phone,default|numeric|shift,18,DESIGNED
pak_urdu_phonetic,release/p/pak_urdu_phonetic/source/pak_urdu_phonetic.kmn,web desktop,yes,no,no,,,0,DESKTOP_ONLY
palmyrene,release/p/palmyrene/source/palmyrene.kmn,any,yes,yes,yes,phone,default|numeric,13,DESIGNED
pan_kachin,release/p/pan_kachin/source/pan_kachin.kmn,any,yes,yes,yes,tablet,default|shift,0,DEFAULT_ONLY
pashai,release/p/pashai/source/pashai.kmn,any,yes,yes,yes,tablet,default|rightalt|shift,0,DESIGNED
pau_cin_hau,release/p/pau_cin_hau/source/pau_cin_hau.kmn,any,yes,yes,yes,phone,default|numeric|shift,5,DESIGNED
persian_phonetic,release/p/persian_phonetic/source/persian_phonetic.kmn,any,yes,yes,yes,phone+tablet,default|numeric|shift,21,DESIGNED
phaistos_disc,release/p/phaistos_disc/source/phaistos_disc.kmn,any,yes,yes,yes,tablet,default,0,DEFAULT_ONLY
phoenician,release/p/phoenician/source/phoenician.kmn,any,yes,yes,yes,tablet,default|shift,0,DEFAULT_ONLY
phonetic_farsi,release/p/phonetic_farsi/source/phonetic_farsi.kmn,web desktop,yes,no,no,,,0,DESKTOP_ONLY
pid_piaroa,release/p/pid_piaroa/source/pid_piaroa.kmn,desktop,no,no,no,,,0,DESKTOP_ONLY
pinyin_typer,release/p/pinyin_typer/source/pinyin_typer.kmn,any,yes,yes,yes,tablet,default|numeric|shift,20,DESIGNED
poorna_malayalam_extended_inscript,release/p/poorna_malayalam_extended_inscript/source/poorna_malayalam_extended_inscript.kmn,any,yes,yes,yes,tablet,caps|default|rightalt|rightalt-shift|shift,2,DESIGNED
poorna_malayalam_typewriter,release/p/poorna_malayalam_typewriter/source/poorna_malayalam_typewriter.kmn,any,yes,yes,yes,tablet,caps|default|rightalt|rightalt-shift|shift,2,DESIGNED
postmodern_english_uk_dualstroke,release/p/postmodern_english_uk_dualstroke/source/postmodern_english_uk_dualstroke.kmn,any,yes,yes,yes,tablet,default|emoji|numPad|numeric|shift,18,DESIGNED
postmodern_english_uk_natural,release/p/postmodern_english_uk_natural/source/postmodern_english_uk_natural.kmn,any,yes,yes,yes,tablet,default|emoji|numPad|numeric|shift,18,DESIGNED
postmodern_english_us_dualstroke,release/p/postmodern_english_us_dualstroke/source/postmodern_english_us_dualstroke.kmn,any,yes,yes,yes,tablet,default|emoji|numPad|numeric|shift,18,DESIGNED
postmodern_english_us_natural,release/p/postmodern_english_us_natural/source/postmodern_english_us_natural.kmn,any,yes,yes,yes,tablet,default|emoji|numPad|numeric|shift,18,DESIGNED
programmer_dvorak,release/p/programmer_dvorak/source/programmer_dvorak.kmn,web desktop,yes,no,no,,,0,DESKTOP_ONLY
psalter_pahlavi_phonetic,release/p/psalter_pahlavi_phonetic/source/psalter_pahlavi_phonetic.kmn,any,yes,yes,yes,tablet,default|shift,11,DESIGNED
pt_azerty,release/p/pt_azerty/source/pt_azerty.kmn,any,yes,yes,yes,tablet,default|rightalt|shift,0,DESIGNED
pt_international,release/p/pt_international/source/pt_international.kmn,web desktop,yes,no,no,,,0,DESKTOP_ONLY
pt_pro,release/p/pt_pro/source/pt_pro.kmn,any,yes,yes,yes,tablet,default|rightalt|shift,0,DESIGNED
pukapuka,release/p/pukapuka/source/pukapuka.kmn,any,yes,yes,yes,tablet,default|numeric|shift,29,DESIGNED
qom,release/q/qom/source/qom.kmn,any,yes,yes,yes,phone,default|numeric|shift|symbol,28,DESIGNED
quinault,release/q/quinault/source/quinault.kmn,any,yes,yes,yes,tablet,default|shift,0,DEFAULT_ONLY
qwerty_farang,release/q/qwerty_farang/source/qwerty_farang.kmn,any,yes,yes,yes,tablet,default|numeric,53,DESIGNED
rawang,release/r/rawang/source/rawang.kmn,any,yes,yes,yes,tablet,caps|default|numeric|shift,43,DESIGNED
rejang,release/r/rejang/source/rejang.kmn,any,yes,yes,yes,tablet,default|numeric,0,DESIGNED
remington_gail,release/r/remington_gail/source/remington_gail.kmn,any,yes,yes,yes,tablet,default|shift,54,DESIGNED
rohingya_arab,release/r/rohingya_arab/source/rohingya_arab.kmn,any,yes,yes,yes,tablet,default|shift,22,DESIGNED
romanian_popak,release/r/romanian_popak/source/romanian_popak.kmn,any,yes,yes,yes,tablet,default|rightalt|rightalt-shift|shift,4,DESIGNED
russian_mnemonic_r,release/r/russian_mnemonic_r/source/russian_mnemonic_r.kmn,any,yes,yes,yes,phone,capslock|default|numeric|numeric2|shift,94,DESIGNED
rac_aer,release/rac/rac_aer/source/rac_aer.kmn,any,yes,yes,yes,tablet,ctrl-alt|default|shift|symbol,4,DESIGNED
rac_arabic,release/rac/rac_arabic/source/rac_arabic.kmn,any,yes,yes,yes,tablet,ctrl|default|shift,0,DESIGNED
rac_balti,release/rac/rac_balti/source/rac_balti.kmn,any,yes,yes,yes,tablet,default|shift|symbol,0,DESIGNED
rac_brahui,release/rac/rac_brahui/source/rac_brahui.kmn,any,yes,yes,yes,tablet,default|shift,0,DEFAULT_ONLY
rac_brahui_latin,release/rac/rac_brahui_latin/source/rac_brahui_latin.kmn,any,yes,yes,yes,tablet,ctrl-alt|default|shift,0,DESIGNED
rac_burushaski,release/rac/rac_burushaski/source/rac_burushaski.kmn,any,yes,yes,yes,tablet,ctrl|default|shift,0,DESIGNED
rac_dameli,release/rac/rac_dameli/source/rac_dameli.kmn,any,yes,yes,yes,tablet,default|shift|symbol,0,DESIGNED
rac_dhatki,release/rac/rac_dhatki/source/rac_dhatki.kmn,any,yes,yes,yes,tablet,ctrl-alt|default|shift|symbols,2,DESIGNED
rac_dogri,release/rac/rac_dogri/source/rac_dogri.kmn,any,yes,yes,yes,phone,default|numeric|shift,16,DESIGNED
rac_gawar_bati,release/rac/rac_gawar_bati/source/rac_gawar_bati.kmn,any,yes,yes,yes,tablet,default|numeric|shift|symbols,2,DESIGNED
rac_gawri,release/rac/rac_gawri/source/rac_gawri.kmn,any,yes,yes,yes,tablet,default|numeric|shift,10,DESIGNED
rac_hazaragi,release/rac/rac_hazaragi/source/rac_hazaragi.kmn,any,yes,yes,yes,tablet,default|shift|symbol,5,DESIGNED
rac_hindko,release/rac/rac_hindko/source/rac_hindko.kmn,any,yes,yes,yes,tablet,default|shift|symbol,0,DESIGNED
rac_indus_kohistani,release/rac/rac_indus_kohistani/source/rac_indus_kohistani.kmn,any,yes,yes,yes,tablet,default|shift|symbol,18,DESIGNED
rac_kalasha,release/rac/rac_kalasha/source/rac_kalasha.kmn,any,yes,yes,yes,tablet,ctrlalt|default|shift,0,DESIGNED
rac_kashmir_shina,release/rac/rac_kashmir_shina/source/rac_kashmir_shina.kmn,any,yes,yes,yes,phone,default|numeric|shift,18,DESIGNED
rac_kashmiri,release/rac/rac_kashmiri/source/rac_kashmiri.kmn,any,yes,yes,yes,phone,default|numeric|shift,2,DESIGNED
rac_khowar,release/rac/rac_khowar/source/rac_khowar.kmn,any,yes,yes,yes,phone,default|numeric|shift,15,DESIGNED
rac_marwari,release/rac/rac_marwari/source/rac_marwari.kmn,any,yes,yes,yes,tablet,default|shift|symbol,2,DESIGNED
rac_munji,release/rac/rac_munji/source/rac_munji.kmn,any,yes,yes,yes,phone,default|numeric|shift,16,DESIGNED
rac_oadki,release/rac/rac_oadki/source/rac_oadki.kmn,any,yes,yes,yes,tablet,ctrl-alt|default|shift,0,DESIGNED
rac_ormuri,release/rac/rac_ormuri/source/rac_ormuri.kmn,any,yes,yes,yes,phone,default|shift|symbol,21,DESIGNED
rac_pahari,release/rac/rac_pahari/source/rac_pahari.kmn,any,yes,yes,yes,tablet,default|rightalt|shift,0,DESIGNED
rac_palula,release/rac/rac_palula/source/rac_palula.kmn,any,yes,yes,yes,tablet,default|shift|symbol,0,DESIGNED
rac_parkari_koli,release/rac/rac_parkari_koli/source/rac_parkari_koli.kmn,any,yes,yes,yes,tablet,ctrl-alt|default|shift,0,DESIGNED
rac_pashai,release/rac/rac_pashai/source/rac_pashai.kmn,any,yes,yes,yes,phone,default|numeric|shift|symbols,10,DESIGNED
rac_pashto,release/rac/rac_pashto/source/rac_pashto.kmn,any,yes,yes,yes,tablet,default|numeric|shift,5,DESIGNED
rac_saraiki,release/rac/rac_saraiki/source/rac_saraiki.kmn,any,yes,yes,yes,tablet,default|shift|symbol,20,DESIGNED
rac_shina,release/rac/rac_shina/source/rac_shina.kmn,any,yes,yes,yes,tablet,default|shift|symbol,18,DESIGNED
rac_sindhi,release/rac/rac_sindhi/source/rac_sindhi.kmn,any,yes,yes,yes,tablet,ctrl-alt|default|shift,0,DESIGNED
rac_torwali,release/rac/rac_torwali/source/rac_torwali.kmn,any,yes,yes,yes,phone,default|numeric|shift,3,DESIGNED
rac_urdu,release/rac/rac_urdu/source/rac_urdu.kmn,any,yes,yes,yes,tablet,default|shift|symbol,0,DESIGNED
rac_ushojo,release/rac/rac_ushojo/source/rac_ushojo.kmn,any,yes,yes,yes,tablet,default|shift|symbol,0,DESIGNED
rac_uyghur,release/rac/rac_uyghur/source/rac_uyghur.kmn,any,yes,yes,yes,tablet,default|numeric|shift,8,DESIGNED
rac_wadiyara,release/rac/rac_wadiyara/source/rac_wadiyara.kmn,any,yes,yes,yes,tablet,default|numeric|shift,8,DESIGNED
rac_wakhi,release/rac/rac_wakhi/source/rac_wakhi.kmn,any,yes,yes,yes,tablet,default|shift|symbol,12,DESIGNED
rac_western_punjabi,release/rac/rac_western_punjabi/source/rac_western_punjabi.kmn,any,yes,yes,yes,phone,default|numeric|shift,15,DESIGNED
rac_yidgha,release/rac/rac_yidgha/source/rac_yidgha.kmn,any,yes,yes,yes,tablet,default|shift|symbol,0,DESIGNED
sabdalipi_assamese,release/s/sabdalipi_assamese/source/sabdalipi_assamese.kmn,any,yes,yes,yes,tablet,default|shift,0,DEFAULT_ONLY
sahaptin_umatilla,release/s/sahaptin_umatilla/source/sahaptin_umatilla.kmn,any,yes,yes,yes,tablet,default|numeric|shift,4,DESIGNED
sahaptin_yakima,release/s/sahaptin_yakima/source/sahaptin_yakima.kmn,any,yes,yes,yes,phone,default|numeric|shift,37,DESIGNED
samaritan,release/s/samaritan/source/samaritan.kmn,any,yes,yes,yes,phone,default|numeric|punct|vowels,4,DESIGNED
sanjha_punjabi,release/s/sanjha_punjabi/source/sanjha_punjabi.kmn,any,yes,yes,yes,tablet,default|shift,0,DEFAULT_ONLY
saraiki,release/s/saraiki/source/saraiki.kmn,any,yes,yes,yes,tablet,default|leftctrl-leftalt|shift,3,DESIGNED
saurashtra_inscript,release/s/saurashtra_inscript/source/saurashtra_inscript.kmn,any,yes,yes,yes,phone,default|numeric|shift,20,DESIGNED
sgaw_karen,release/s/sgaw_karen/source/sgaw_karen.kmn,any,yes,yes,yes,tablet,default|shift,0,DEFAULT_ONLY
shahmukhi_phonetic,release/s/shahmukhi_phonetic/source/shahmukhi_phonetic.kmn,any,yes,yes,yes,tablet,default|rightalt|shift,0,DESIGNED
shan,release/s/shan/source/shan.kmn,any,yes,yes,yes,phone+tablet,default|numeric|shift,38,DESIGNED
shan_thailayout,release/s/shan_thailayout/source/shan_thailayout.kmn,any,yes,yes,yes,tablet,alt|default|shift,0,DESIGNED
sharada_inscript,release/s/sharada_inscript/source/sharada_inscript.kmn,any,yes,yes,yes,phone,default|numeric|shift,24,DESIGNED
siddham_inscript,release/s/siddham_inscript/source/siddham_inscript.kmn,any,yes,yes,yes,phone,default|numeric|rightalt|shift,4,DESIGNED
sisaali,release/s/sisaali/source/sisaali.kmn,any,yes,yes,yes,tablet,default|rightalt|shift|shift-rightalt,4,DESIGNED
slaviature,release/s/slaviature/source/slaviature.kmn,any,yes,yes,yes,tablet,alt|default|diacritics|shift,44,DESIGNED
slc_saliba,release/s/slc_saliba/source/slc_saliba.kmn,desktop,no,no,no,,,0,DESKTOP_ONLY
slp1_deva,release/s/slp1_deva/source/slp1_deva.kmn,any,yes,yes,yes,tablet,default|shift,0,DEFAULT_ONLY
slp1_roman,release/s/slp1_roman/source/slp1_roman.kmn,any,yes,yes,yes,tablet,default|shift,2,DESIGNED
sogdian_phonetic,release/s/sogdian_phonetic/source/sogdian_phonetic.kmn,any,yes,yes,yes,tablet,default|shift,0,DEFAULT_ONLY
soqotri_arabic,release/s/soqotri_arabic/source/soqotri_arabic.kmn,any,yes,yes,yes,tablet,default|shift,0,DEFAULT_ONLY
sorani_behdini_arab_qwerty,release/s/sorani_behdini_arab_qwerty/source/sorani_behdini_arab_qwerty.kmn,any,yes,yes,yes,tablet,default|shift,26,DESIGNED
soyombo,release/s/soyombo/source/soyombo.kmn,any,yes,yes,yes,phone,default|numeric,27,DESIGNED
srr_ajami_qwerty,release/s/srr_ajami_qwerty/source/srr_ajami_qwerty.kmn,any,yes,yes,yes,tablet,default|rightalt|rightalt-shift|shift,9,DESIGNED
sudest,release/s/sudest/source/sudest.kmn,any,yes,yes,yes,phone+tablet,default|numeric|shift,8,DESIGNED
sundanese,release/s/sundanese/source/sundanese.kmn,any,yes,yes,yes,tablet,default|shift,1,DESIGNED
sundanese_latin,release/s/sundanese_latin/source/sundanese_latin.kmn,any,yes,yes,yes,tablet,default|shift,0,DEFAULT_ONLY
swanalekha_malayalam,release/s/swanalekha_malayalam/source/swanalekha_malayalam.kmn,any,yes,yes,yes,phone+tablet,default|extra|numeric|shift|shift_lock,9,DESIGNED
sxava,release/s/sxava/source/sxava.kmn,any,yes,yes,yes,desktop+phone+tablet,default|numeric|shift,30,DESIGNED
sxava_eo,release/s/sxava_eo/source/sxava_eo.kmn,any,yes,yes,yes,desktop+phone+tablet,default,39,DESIGNED
sylheti_nagri,release/s/sylheti_nagri/source/sylheti_nagri.kmn,any,yes,yes,yes,tablet,default|numeric,15,DESIGNED
symbolic_logic,release/s/symbolic_logic/source/symbolic_logic.kmn,any,yes,yes,yes,tablet,alt|default|shift|shift-alt,4,DESIGNED
syriac_arabic,release/s/syriac_arabic/source/syriac_arabic.kmn,any,yes,yes,yes,tablet,default|rightalt|shift,0,DESIGNED
syriac_phonetic,release/s/syriac_phonetic/source/syriac_phonetic.kmn,any,yes,yes,yes,tablet,default|rightalt|shift,0,DESIGNED
sil_akebu,release/sil/sil_akebu/source/sil_akebu.kmn,any,yes,yes,yes,tablet,caps|default|shift|symbol|symbol-caps,29,DESIGNED
sil_akha_act,release/sil/sil_akha_act/source/sil_akha_act.kmn,any,yes,yes,yes,tablet,default|numeric|shift,8,DESIGNED
sil_arabic_phonetic,release/sil/sil_arabic_phonetic/source/sil_arabic_phonetic.kmn,any,yes,yes,yes,tablet,default|numeric|shift,11,DESIGNED
sil_areare,release/sil/sil_areare/source/sil_areare.kmn,any,yes,yes,yes,phone,default|numeric|shift,6,DESIGNED
sil_bari,release/sil/sil_bari/source/sil_bari.kmn,any,yes,yes,yes,tablet,default|numeric|shift,4,DESIGNED
sil_bengali_phonetic,release/sil/sil_bengali_phonetic/source/sil_bengali_phonetic.kmn,any,yes,yes,yes,phone+tablet,default|numeric|shift,27,DESIGNED
sil_bolivia,release/sil/sil_bolivia/source/sil_bolivia.kmn,any,yes,yes,yes,tablet,default|shift,28,DESIGNED
sil_boonkit,release/sil/sil_boonkit/source/sil_boonkit.kmn,desktop,no,no,no,,,0,DESKTOP_ONLY
sil_brao,release/sil/sil_brao/source/sil_brao.kmn,any,yes,yes,yes,phone+tablet,default|shift|symbol,0,DESIGNED
sil_bru,release/sil/sil_bru/source/sil_bru.kmn,any,yes,yes,yes,tablet,default|rightalt|shift,0,DESIGNED
sil_buang,release/sil/sil_buang/source/sil_buang.kmn,desktop web,yes,no,no,,,0,DESKTOP_ONLY
sil_bunong,release/sil/sil_bunong/source/sil_bunong.kmn,any,yes,yes,yes,phone+tablet,default|number|shift,32,DESIGNED
sil_bunong_latn,release/sil/sil_bunong_latn/source/sil_bunong_latn.kmn,web desktop,yes,no,no,,,0,DESKTOP_ONLY
sil_busa,release/sil/sil_busa/source/sil_busa.kmn,any,yes,yes,yes,tablet,alt|default|shift|shift-alt,5,DESIGNED
sil_bwe_karen,release/sil/sil_bwe_karen/source/sil_bwe_karen.kmn,any,yes,yes,yes,tablet,Symbol|default|shift,7,DESIGNED
sil_cameroon_azerty,release/sil/sil_cameroon_azerty/source/sil_cameroon_azerty.kmn,any,yes,yes,yes,tablet,caps|default|rightalt|rightalt-caps|rightalt-shift|shift|symbol|symbol-caps,70,DESIGNED
sil_cameroon_qwerty,release/sil/sil_cameroon_qwerty/source/sil_cameroon_qwerty.kmn,any,yes,yes,yes,tablet,caps|default|rightalt|rightalt-caps|rightalt-shift|shift|symbol|symbol-caps,67,DESIGNED
sil_cham_phonetic,release/sil/sil_cham_phonetic/source/sil_cham_phonetic.kmn,any,yes,yes,yes,tablet,default|rightalt|shift,0,DESIGNED
sil_cherokee_nation,release/sil/sil_cherokee_nation/source/sil_cherokee_nation.kmn,any,yes,yes,yes,tablet,default|shift,0,DEFAULT_ONLY
sil_cheyenne,release/sil/sil_cheyenne/source/sil_cheyenne.kmn,any,yes,yes,yes,phone,default|numeric|shift,19,DESIGNED
sil_cipher_music,release/sil/sil_cipher_music/source/sil_cipher_music.kmn,web desktop,yes,no,no,,,0,DESKTOP_ONLY
sil_colombia_venezuela,release/sil/sil_colombia_venezuela/source/sil_colombia_venezuela.kmn,any,yes,yes,yes,phone,default|emoji|numeric|numpad|shift|symbol,32,DESIGNED
sil_devanagari_phonetic,release/sil/sil_devanagari_phonetic/source/sil_devanagari_phonetic.kmn,any,yes,yes,yes,tablet,default|rightalt|shift,10,DESIGNED
sil_devanagari_romanized,release/sil/sil_devanagari_romanized/source/sil_devanagari_romanized.kmn,any,yes,yes,yes,phone,default|rightalt|rightalt-shift|shift,0,DESIGNED
sil_devanagari_typewriter,release/sil/sil_devanagari_typewriter/source/sil_devanagari_typewriter.kmn,any,yes,yes,yes,tablet,default|rightalt|rightalt-shift|shift,0,DESIGNED
sil_dzongkha,release/sil/sil_dzongkha/source/sil_dzongkha.kmn,any,yes,yes,yes,tablet,default|rightalt|rightalt-shift|shift,4,DESIGNED
sil_eastern_congo,release/sil/sil_eastern_congo/source/sil_eastern_congo.kmn,any,yes,yes,yes,tablet,default|numeric|shift,33,DESIGNED
sil_el_ethiopian_latin,release/sil/sil_el_ethiopian_latin/source/sil_el_ethiopian_latin.kmn,web desktop,yes,no,no,,,0,DESKTOP_ONLY
sil_ethiopic,release/sil/sil_ethiopic/source/sil_ethiopic.kmn,web desktop,yes,no,no,,,0,DESKTOP_ONLY
sil_ethiopic_power_g,release/sil/sil_ethiopic_power_g/source/sil_ethiopic_power_g.kmn,web desktop,yes,no,no,,,0,DESKTOP_ONLY
sil_euro_latin,release/sil/sil_euro_latin/source/sil_euro_latin.kmn,any,yes,yes,yes,tablet,caps|currency|default|numeric|shift|symbol,109,DESIGNED
sil_extended_urdu_np,release/sil/sil_extended_urdu_np/source/sil_extended_urdu_np.kmn,any,yes,yes,yes,tablet,default|shift,4,DESIGNED
sil_gawri,release/sil/sil_gawri/source/sil_gawri.kmn,any,yes,yes,yes,phone,default|numeric|shift,21,DESIGNED
sil_greek_polytonic,release/sil/sil_greek_polytonic/source/sil_greek_polytonic.kmn,any,yes,yes,yes,phone+tablet,default|numeric|shift,46,DESIGNED
sil_hawaiian,release/sil/sil_hawaiian/source/sil_hawaiian.kmn,any,yes,yes,yes,tablet,default|shift,10,DESIGNED
sil_hebr_grek_trans,release/sil/sil_hebr_grek_trans/source/sil_hebr_grek_trans.kmn,any,yes,yes,yes,tablet,default|shift,1,DESIGNED
sil_hebrew,release/sil/sil_hebrew/source/sil_hebrew.kmn,any,yes,yes,yes,tablet,default|rightalt|rightalt-shift|shift,7,DESIGNED
sil_hebrew_legacy,release/sil/sil_hebrew_legacy/source/sil_hebrew_legacy.kmn,any,yes,yes,yes,tablet,default|rightalt|rightalt-shift|shift,7,DESIGNED
sil_hmd_plrd,release/sil/sil_hmd_plrd/source/sil_hmd_plrd.kmn,any,yes,yes,yes,tablet,default|shift,28,DESIGNED
sil_hupdah,release/sil/sil_hupdah/source/sil_hupdah.kmn,any,yes,yes,yes,phone,default|numeric|shift,4,DESIGNED
sil_indic_roman,release/sil/sil_indic_roman/source/sil_indic_roman.kmn,any,yes,yes,yes,tablet,default|shift,0,DEFAULT_ONLY
sil_ipa,release/sil/sil_ipa/source/sil_ipa.kmn,any,yes,yes,yes,tablet,default|diacritic|numeric|shift|supersub,106,DESIGNED
sil_jarai,release/sil/sil_jarai/source/sil_jarai.kmn,any,yes,yes,yes,tablet,alt|caps|default|shift,0,DESIGNED
sil_kayah_kali,release/sil/sil_kayah_kali/source/sil_kayah_kali.kmn,any,yes,yes,yes,tablet,default|shift,14,DESIGNED
sil_kayah_latn,release/sil/sil_kayah_latn/source/sil_kayah_latn.kmn,any,yes,yes,yes,tablet,default|shift,0,DEFAULT_ONLY
sil_kayah_mymr,release/sil/sil_kayah_mymr/source/sil_kayah_mymr.kmn,any,yes,yes,yes,tablet,default|shift,0,DEFAULT_ONLY
sil_kcho,release/sil/sil_kcho/source/sil_kcho.kmn,any,yes,yes,yes,phone,default|numeric|rightalt|shift,23,DESIGNED
sil_khamti,release/sil/sil_khamti/source/sil_khamti.kmn,any,yes,yes,yes,phone,default|shift,0,DESIGNED
sil_khmer,release/sil/sil_khmer/source/sil_khmer.kmn,any,yes,yes,yes,tablet,ctrl-alt|default|shift|shift-ctrl-alt,5,DESIGNED
sil_khowar,release/sil/sil_khowar/source/sil_khowar.kmn,any,yes,yes,yes,tablet,default|shift,0,DEFAULT_ONLY
sil_kmhmu,release/sil/sil_kmhmu/source/sil_kmhmu.kmn,any,yes,yes,yes,tablet,default|symbol,12,DESIGNED
sil_korda_jamo,release/sil/sil_korda_jamo/source/sil_korda_jamo.kmn,windows,no,no,no,,,0,DESKTOP_ONLY
sil_korda_latin,release/sil/sil_korda_latin/source/sil_korda_latin.kmn,windows,no,no,no,,,0,DESKTOP_ONLY
sil_korean_morse,release/sil/sil_korean_morse/source/sil_korean_morse.kmn,windows,no,no,no,,,0,DESKTOP_ONLY
sil_kvl_kayaw,release/sil/sil_kvl_kayaw/source/sil_kvl_kayaw.kmn,any,yes,yes,yes,tablet,default|numeric|shift,5,DESIGNED
sil_lepcha,release/sil/sil_lepcha/source/sil_lepcha.kmn,any,yes,yes,yes,tablet,default|shift,0,DEFAULT_ONLY
sil_limbu_phonetic,release/sil/sil_limbu_phonetic/source/sil_limbu_phonetic.kmn,any,yes,yes,yes,tablet,default|rightalt|shift,0,DESIGNED
sil_limbu_typewriter,release/sil/sil_limbu_typewriter/source/sil_limbu_typewriter.kmn,any,yes,yes,yes,tablet,default|rightalt|shift,0,DESIGNED
sil_lisu_basic,release/sil/sil_lisu_basic/source/sil_lisu_basic.kmn,any,yes,yes,yes,tablet,default|shift,0,DEFAULT_ONLY
sil_lisu_standard,release/sil/sil_lisu_standard/source/sil_lisu_standard.kmn,any,yes,yes,yes,tablet,default|shift,0,DEFAULT_ONLY
sil_lpo_plrd,release/sil/sil_lpo_plrd/source/sil_lpo_plrd.kmn,any,yes,yes,yes,tablet,default|shift,0,DEFAULT_ONLY
sil_madi,release/sil/sil_madi/source/sil_madi.kmn,any,yes,yes,yes,phone+tablet,default|numeric|shift,27,DESIGNED
sil_makuri,release/sil/sil_makuri/source/sil_makuri.kmn,any,yes,yes,yes,tablet,Num1|Num2|default|shift,21,DESIGNED
sil_mali_azerty,release/sil/sil_mali_azerty/source/sil_mali_azerty.kmn,web desktop,yes,no,no,,,0,DESKTOP_ONLY
sil_mali_qwerty,release/sil/sil_mali_qwerty/source/sil_mali_qwerty.kmn,any,yes,yes,yes,phone,default|numeric|shift|symbol,47,DESIGNED
sil_mali_qwertz,release/sil/sil_mali_qwertz/source/sil_mali_qwertz.kmn,web desktop,yes,no,no,,,0,DESKTOP_ONLY
sil_mende_kikakui,release/sil/sil_mende_kikakui/source/sil_mende_kikakui.kmn,any,yes,yes,yes,phone,default|numeric,30,DESIGNED
sil_mon,release/sil/sil_mon/source/sil_mon.kmn,web desktop,yes,no,no,,,0,DESKTOP_ONLY
sil_moore,release/sil/sil_moore/source/sil_moore.kmn,any,yes,yes,yes,tablet,default|rightalt|rightalt-shift|shift,4,DESIGNED
sil_myanmar_my3,release/sil/sil_myanmar_my3/source/sil_myanmar_my3.kmn,any,yes,yes,yes,phone,default|numeric|shift,5,DESIGNED
sil_myanmar_mywinext,release/sil/sil_myanmar_mywinext/source/sil_myanmar_mywinext.kmn,any,yes,yes,yes,tablet,default|shift,0,DEFAULT_ONLY
sil_nigeria_dot,release/sil/sil_nigeria_dot/source/sil_nigeria_dot.kmn,web desktop,yes,no,no,,,0,DESKTOP_ONLY
sil_nigeria_odd_vowels,release/sil/sil_nigeria_odd_vowels/source/sil_nigeria_odd_vowels.kmn,web desktop,yes,no,no,,,0,DESKTOP_ONLY
sil_nigeria_underline,release/sil/sil_nigeria_underline/source/sil_nigeria_underline.kmn,web desktop,yes,no,no,,,0,DESKTOP_ONLY
sil_nko,release/sil/sil_nko/source/sil_nko.kmn,any,yes,yes,yes,phone,default|numeric|shift,12,DESIGNED
sil_nubian,release/sil/sil_nubian/source/sil_nubian.kmn,any,yes,yes,yes,phone+tablet,alt|altshift|ctrl|ctrlalt|ctrlaltshift|ctrlshift|default|numeric|shift,4,DESIGNED
sil_pan_africa_mnemonic,release/sil/sil_pan_africa_mnemonic/source/sil_pan_africa_mnemonic.kmn,web desktop,yes,no,no,,,0,DESKTOP_ONLY
sil_pan_africa_positional,release/sil/sil_pan_africa_positional/source/sil_pan_africa_positional.kmn,web desktop,yes,no,no,,,0,DESKTOP_ONLY
sil_philippines,release/sil/sil_philippines/source/sil_philippines.kmn,web desktop,yes,no,no,,,0,DESKTOP_ONLY
sil_sahu,release/sil/sil_sahu/source/sil_sahu.kmn,any,yes,yes,yes,tablet,default|numeric|shift,21,DESIGNED
sil_senegal_bqj_azerty,release/sil/sil_senegal_bqj_azerty/source/sil_senegal_bqj_azerty.kmn,any,yes,yes,yes,phone,caps|default|numeric|other|othercaps|others|shift|symbol,21,DESIGNED
sil_senegal_bsc_azerty,release/sil/sil_senegal_bsc_azerty/source/sil_senegal_bsc_azerty.kmn,any,yes,yes,yes,phone,caps|default|numeric|other|others|others-caps|shift,31,DESIGNED
sil_senegal_cou_azerty,release/sil/sil_senegal_cou_azerty/source/sil_senegal_cou_azerty.kmn,any,yes,yes,yes,phone,default|numeric|other|others|shift|symbol,21,DESIGNED
sil_senegal_cou_qwerty,release/sil/sil_senegal_cou_qwerty/source/sil_senegal_cou_qwerty.kmn,any,yes,yes,yes,phone,caps|default|numeric|other|othercaps|others|shift|symbol,28,DESIGNED
sil_senegal_csk_azerty,release/sil/sil_senegal_csk_azerty/source/sil_senegal_csk_azerty.kmn,any,yes,yes,yes,phone,caps|default|numeric|other|othercaps|others|shift|symbol,28,DESIGNED
sil_senegal_dyo_azerty,release/sil/sil_senegal_dyo_azerty/source/sil_senegal_dyo_azerty.kmn,any,yes,yes,yes,phone,default|numeric|other|others|shift|symbol,14,DESIGNED
sil_senegal_gsl_azerty,release/sil/sil_senegal_gsl_azerty/source/sil_senegal_gsl_azerty.kmn,any,yes,yes,yes,phone,default|numeric|other|others|shift|symbol,14,DESIGNED
sil_senegal_knf_azerty,release/sil/sil_senegal_knf_azerty/source/sil_senegal_knf_azerty.kmn,any,yes,yes,yes,phone,caps|default|numeric|other|othercaps|others|shift|symbol,13,DESIGNED
sil_senegal_krx_azerty,release/sil/sil_senegal_krx_azerty/source/sil_senegal_krx_azerty.kmn,any,yes,yes,yes,phone,default|numeric|other|others|shift,16,DESIGNED
sil_senegal_krx_qwerty,release/sil/sil_senegal_krx_qwerty/source/sil_senegal_krx_qwerty.kmn,any,yes,yes,yes,phone,caps|default|numeric|other|othercaps|others|shift|symbol,15,DESIGNED
sil_senegal_ndv_azerty,release/sil/sil_senegal_ndv_azerty/source/sil_senegal_ndv_azerty.kmn,any,yes,yes,yes,phone,default|numeric|other|others|shift|symbol,19,DESIGNED
sil_senegal_sav_azerty,release/sil/sil_senegal_sav_azerty/source/sil_senegal_sav_azerty.kmn,any,yes,yes,yes,phone,default|numeric|other|others|shift|symbol,17,DESIGNED
sil_senegal_snf_azerty,release/sil/sil_senegal_snf_azerty/source/sil_senegal_snf_azerty.kmn,any,yes,yes,yes,phone,default|numeric|other|others|shift,25,DESIGNED
sil_senegal_srr_azerty,release/sil/sil_senegal_srr_azerty/source/sil_senegal_srr_azerty.kmn,any,yes,yes,yes,phone,default|numeric|other|others|shift,23,DESIGNED
sil_senegal_wo_azerty,release/sil/sil_senegal_wo_azerty/source/sil_senegal_wo_azerty.kmn,any,yes,yes,yes,phone,default|numeric|other|others|shift,17,DESIGNED
sil_sgaw_karen,release/sil/sil_sgaw_karen/source/sil_sgaw_karen.kmn,any,yes,yes,yes,phone,default|numeric|shift,6,DESIGNED
sil_shan,release/sil/sil_shan/source/sil_shan.kmn,any,yes,yes,yes,tablet,default|rightalt|rightalt-shift|shift,4,DESIGNED
sil_taang,release/sil/sil_taang/source/sil_taang.kmn,any,yes,yes,yes,phone,default|numeric|shift,20,DESIGNED
sil_tagdal,release/sil/sil_tagdal/source/sil_tagdal.kmn,any,yes,yes,yes,phone,default|numeric|rightalt|shift,59,DESIGNED
sil_tai_dam,release/sil/sil_tai_dam/source/sil_tai_dam.kmn,any,yes,yes,yes,tablet,default|shift,0,DEFAULT_ONLY
sil_tai_dam_lao,release/sil/sil_tai_dam_lao/source/sil_tai_dam_lao.kmn,any,yes,yes,yes,tablet,default|shift,0,DEFAULT_ONLY
sil_tai_dam_latin,release/sil/sil_tai_dam_latin/source/sil_tai_dam_latin.kmn,any,yes,yes,yes,tablet,default|shift,0,DEFAULT_ONLY
sil_tai_dam_typewriter,release/sil/sil_tai_dam_typewriter/source/sil_tai_dam_typewriter.kmn,any,yes,yes,yes,tablet,default|shift,0,DEFAULT_ONLY
sil_tanguat,release/sil/sil_tanguat/source/sil_tanguat.kmn,any,yes,yes,yes,phone,default|numeric|shift,8,DESIGNED
sil_tawallammat,release/sil/sil_tawallammat/source/sil_tawallammat.kmn,any,yes,yes,yes,phone+tablet,ctrl|default|numeric|shift,9,DESIGNED
sil_tchad,release/sil/sil_tchad/source/sil_tchad.kmn,any,yes,yes,yes,phone,accents|default|numeric|shift,52,DESIGNED
sil_tchad_faux_azerty,release/sil/sil_tchad_faux_azerty/source/sil_tchad_faux_azerty.kmn,any,yes,yes,yes,phone,accents|default|numeric|shift,52,DESIGNED
sil_tchad_qwerty,release/sil/sil_tchad_qwerty/source/sil_tchad_qwerty.kmn,any,yes,yes,yes,phone,accents|default|numeric|shift,52,DESIGNED
sil_temiar,release/sil/sil_temiar/source/sil_temiar.kmn,any,yes,yes,yes,phone,default|numeric|shift,14,DESIGNED
sil_tepehuan,release/sil/sil_tepehuan/source/sil_tepehuan.kmn,any,yes,yes,yes,tablet,default|shift,0,DEFAULT_ONLY
sil_torwali,release/sil/sil_torwali/source/sil_torwali.kmn,any,yes,yes,yes,phone+tablet,default|numeric|shift,4,DESIGNED
sil_tunisian,release/sil/sil_tunisian/source/sil_tunisian.kmn,any,yes,yes,yes,tablet,default|rightalt|shift,0,DESIGNED
sil_uganda_tanzania,release/sil/sil_uganda_tanzania/source/sil_uganda_tanzania.kmn,any,yes,yes,yes,phone,default|numeric|shift,26,DESIGNED
sil_vai,release/sil/sil_vai/source/sil_vai.kmn,desktop,no,no,no,,,0,DESKTOP_ONLY
sil_wayuu,release/sil/sil_wayuu/source/sil_wayuu.kmn,any,yes,yes,yes,phone,default|numeric|shift,17,DESIGNED
sil_ygp_plrd,release/sil/sil_ygp_plrd/source/sil_ygp_plrd.kmn,any,yes,yes,yes,tablet,default|rightalt|shift,0,DESIGNED
sil_yi,release/sil/sil_yi/source/sil_yi.kmn,any,yes,yes,yes,tablet,NC|b|bb|c|ch|d|dd|default|f|g|gg|h|hl|hm|hn|hx|j|jj|k|l|m|mg|n|nb|nd|ng|nj|nr|numeric|ny|nz|p|q|r|radicals|rr|s|sh|ss|t|v|w|x|y|z|zh|zz,23,DESIGNED
sil_yna_plrd,release/sil/sil_yna_plrd/source/sil_yna_plrd.kmn,any,yes,yes,yes,tablet,default|rightalt|shift,0,DESIGNED
sil_yoruba8,release/sil/sil_yoruba8/source/sil_yoruba8.kmn,desktop,no,no,no,,,0,DESKTOP_ONLY
sil_yoruba_bar,release/sil/sil_yoruba_bar/source/sil_yoruba_bar.kmn,any,yes,yes,yes,tablet,default|numeric|shift,27,DESIGNED
sil_yoruba_dot,release/sil/sil_yoruba_dot/source/sil_yoruba_dot.kmn,any,yes,yes,yes,tablet,default|numeric|shift,28,DESIGNED
sil_yupik_cyrillic,release/sil/sil_yupik_cyrillic/source/sil_yupik_cyrillic.kmn,any,yes,yes,yes,tablet,default|shift,0,DEFAULT_ONLY
sil_yupik_cyrillic_ru,release/sil/sil_yupik_cyrillic_ru/source/sil_yupik_cyrillic_ru.kmn,any,yes,yes,yes,phone,default|numeric|shift,40,DESIGNED
sil_ywq_plrd,release/sil/sil_ywq_plrd/source/sil_ywq_plrd.kmn,any,yes,yes,yes,tablet,default|rightalt|shift,0,DESIGNED
sil_zaiwa,release/sil/sil_zaiwa/source/sil_zaiwa.kmn,desktop web,yes,no,no,,,0,DESKTOP_ONLY
tagbanwa_inscript,release/t/tagbanwa_inscript/source/tagbanwa_inscript.kmn,any,yes,yes,yes,phone,default|numeric,3,DESIGNED
tai_tham_my,release/t/tai_tham_my/source/tai_tham_my.kmn,any,yes,yes,yes,tablet,default|rightalt|shift,0,DESIGNED
taichow,release/t/taichow/source/taichow.kmn,any,yes,yes,yes,tablet,caps|currencies|default|numeric|shift,56,DESIGNED
taigi_sdwxv,release/t/taigi_sdwxv/source/taigi_sdwxv.kmn,any,yes,yes,yes,tablet,default|numeric|shift,10,DESIGNED
taigi_telex,release/t/taigi_telex/source/taigi_telex.kmn,any,yes,yes,yes,tablet,caps|currencies|default|numeric|shift,41,DESIGNED
taigi_viet_telex,release/t/taigi_viet_telex/source/taigi_viet_telex.kmn,any,yes,yes,yes,tablet,caps|currencies|default|numeric|shift,53,DESIGNED
tainua,release/t/tainua/source/tainua.kmn,any,yes,yes,yes,phone+tablet,alt|altshift|ctrl|ctrlalt|ctrlaltshift|ctrlshift|default|numeric|shift,4,DESIGNED
taiwan_austronesian,release/t/taiwan_austronesian/source/taiwan_austronesian.kmn,any,yes,yes,yes,tablet,caps|currencies|default|numeric|shift,49,DESIGNED
takri,release/t/takri/source/takri.kmn,any,yes,yes,yes,phone,default|numeric|shift,42,DESIGNED
takri_inscript,release/t/takri_inscript/source/takri_inscript.kmn,any,yes,yes,yes,tablet,default|shift,0,DEFAULT_ONLY
tawallammat_latin,release/t/tawallammat_latin/source/tawallammat_latin.kmn,any,yes,yes,yes,tablet,default|numeric|shift,52,DESIGNED
tay_latn,release/t/tay_latn/source/tay_latn.kmn,any,yes,yes,yes,tablet,default|shift,12,DESIGNED
tem_kdh,release/t/tem_kdh/source/tem_kdh.kmn,any,yes,yes,yes,tablet,default|numeric|shift|symbol,0,DESIGNED
teochew,release/t/teochew/source/teochew.kmn,any,yes,yes,yes,tablet,default|numeric|shift,19,DESIGNED
tfnalgonquin,release/t/tfnalgonquin/source/tfnalgonquin.kmn,any,yes,yes,yes,tablet,default|shift,0,DEFAULT_ONLY
thai_kedmanee_mattix,release/t/thai_kedmanee_mattix/source/thai_kedmanee_mattix.kmn,any,yes,yes,yes,tablet,default|numeric|shift,5,DESIGNED
thamizha_anjal_paangu,release/t/thamizha_anjal_paangu/source/thamizha_anjal_paangu.kmn,any,yes,yes,yes,tablet,default|shift,0,DEFAULT_ONLY
thamizha_bamini,release/t/thamizha_bamini/source/thamizha_bamini.kmn,any,yes,yes,yes,tablet,default|shift,2,DESIGNED
thamizha_new_typewriter,release/t/thamizha_new_typewriter/source/thamizha_new_typewriter.kmn,any,yes,yes,yes,tablet,default|shift,0,DEFAULT_ONLY
thamizha_tamil99_ext,release/t/thamizha_tamil99_ext/source/thamizha_tamil99_ext.kmn,any,yes,yes,yes,tablet,default|shift,0,DEFAULT_ONLY
tibetan_direct_input,release/t/tibetan_direct_input/source/tibetan_direct_input.kmn,any,yes,yes,yes,tablet,default|shift,0,DEFAULT_ONLY
tibetan_ewts,release/t/tibetan_ewts/source/tibetan_ewts.kmn,any,yes,yes,yes,tablet,alt|default|shift,0,DESIGNED
tirhuta,release/t/tirhuta/source/tirhuta.kmn,any,yes,yes,yes,phone+tablet,alt|ctrl|ctrl-alt|default|numeric|shift|shift-alt|shift-ctrl|shift-ctrl-alt,4,DESIGNED
tlahuica,release/t/tlahuica/source/tlahuica.kmn,any,yes,yes,yes,phone,default|mathsymbols|numeric|shift,32,DESIGNED
todhri,release/t/todhri/source/todhri.kmn,any,yes,yes,yes,tablet,default|rightalt|shift,0,DESIGNED
tohono_oodham,release/t/tohono_oodham/source/tohono_oodham.kmn,iphone ipad androidphone androidtablet mobile tablet,yes,yes,yes,phone+tablet,default|numeric|shift,40,DESIGNED
triqui_itunyoso,release/t/triqui_itunyoso/source/triqui_itunyoso.kmn,mobile,yes,yes,yes,phone,caps|caps-qwerty|config|default|numeric|numeric-gboard|qwerty|shift|shift-qwerty,125,DESIGNED
tuareg_tifinagh,release/t/tuareg_tifinagh/source/tuareg_tifinagh.kmn,any,yes,yes,yes,phone+tablet,default|rightalt|shift,0,DESIGNED
turkmen_cyrl,release/t/turkmen_cyrl/source/turkmen_cyrl.kmn,any,yes,yes,yes,tablet,default|numeric|shift,22,DESIGNED
txo_toto,release/t/txo_toto/source/txo_toto.kmn,any,yes,yes,yes,phone,default|numeric|shift,2,DESIGNED
udi_keyboard,release/u/udi_keyboard/source/udi_keyboard.kmn,any,yes,yes,yes,tablet,default|numeric|shift,30,DESIGNED
ugaritic,release/u/ugaritic/source/ugaritic.kmn,any,yes,yes,yes,phone,default|numeric,2,DESIGNED
ukwuani,release/u/ukwuani/source/ukwuani.kmn,any,yes,yes,yes,tablet,default|numeric|shift,15,DESIGNED
uma_graphic,release/u/uma_graphic/source/uma_graphic.kmn,any,yes,yes,yes,tablet,default|numeric|shift,12,DESIGNED
uma_phonetic,release/u/uma_phonetic/source/uma_phonetic.kmn,any,yes,yes,yes,tablet,default|numeric|shift,2,DESIGNED
urdu_dvorak,release/u/urdu_dvorak/source/urdu_dvorak.kmn,any,yes,yes,yes,phone,default|numbers|shift|symbols,50,DESIGNED
urdu_phonetic,release/u/urdu_phonetic/source/urdu_phonetic.kmn,any,yes,yes,yes,tablet,default|numeric|shift,4,DESIGNED
urdu_phonetic_crulp,release/u/urdu_phonetic_crulp/source/urdu_phonetic_crulp.kmn,any,yes,yes,yes,tablet,default|numeric|shift,0,DESIGNED
venetia_et_histria,release/v/venetia_et_histria/source/venetia_et_histria.kmn,any,yes,yes,yes,tablet,default|shift,0,DEFAULT_ONLY
vietnam,release/v/vietnam/source/vietnam.kmn,any,yes,yes,yes,tablet,caps|currencies|default|numeric|shift,50,DESIGNED
header,release/v/vietnamese_telex/extras/vn_kmn_compiler/keyboard/vn_telex/raw/header.kmn,any,yes,yes,no,,,0,DESKTOP_ONLY
vietnamese_telex,release/v/vietnamese_telex/source/vietnamese_telex.kmn,any,yes,yes,yes,tablet,default|numeric|shift|symbol,14,DESIGNED
header,release/v/vietnamese_telex_legacy/extras/vn_kmn_compiler/vn_telex/raw/header.kmn,any,yes,yes,no,,,0,DESKTOP_ONLY
header,release/v/vietnamese_telex_legacy/extras/vn_kmn_compiler/vn_telex_legacy/raw/header.kmn,any,yes,yes,no,,,0,DESKTOP_ONLY
vietnamese_telex_legacy,release/v/vietnamese_telex_legacy/source/vietnamese_telex_legacy.kmn,any,yes,yes,yes,tablet,default|numeric|shift|symbol,14,DESIGNED
header,release/v/vietnamese_vni/extras/vn_kmn_compiler/keyboard/vn_vni/raw/header.kmn,any,yes,yes,no,,,0,DESKTOP_ONLY
vietnamese_vni,release/v/vietnamese_vni/source/vietnamese_vni.kmn,any,yes,yes,yes,tablet,default|numeric|shift|symbol,14,DESIGNED
vithkuqi,release/v/vithkuqi/source/vithkuqi.kmn,any,yes,yes,yes,tablet,default|rightalt|shift,0,DESIGNED
vm_tamil_modular,release/v/vm_tamil_modular/source/vm_tamil_modular.kmn,any,yes,yes,yes,tablet,default|shift,0,DEFAULT_ONLY
vm_tamil_typewriter,release/v/vm_tamil_typewriter/source/vm_tamil_typewriter.kmn,any,yes,yes,yes,tablet,default|shift,0,DEFAULT_ONLY
wakhi,release/w/wakhi/source/wakhi.kmn,any,yes,yes,yes,phone+tablet,default|numeric|shift|symbol,17,DESIGNED
wakhi_anglicized,release/w/wakhi_anglicized/source/wakhi_anglicized.kmn,any,yes,yes,yes,phone,default|numeric|shift,24,DESIGNED
wali,release/w/wali/source/wali.kmn,any,yes,yes,yes,phone,default|numeric|shift,24,DESIGNED
warang_citi,release/w/warang_citi/source/warang_citi.kmn,any,yes,yes,yes,phone,default|wara-lock|wara-numeric|wara-shift,2,DESIGNED
way,release/w/way/source/way.kmn,any,yes,yes,yes,phone,default|numeric|shift,8,DESIGNED
winchus,release/w/winchus/source/winchus.kmn,any,yes,yes,yes,phone,EMOJI_0|EMOJI_1|EMOJI_2|EMOJI_3|EMOJI_4|EMOJI_5|EMOJI_6|EMOJI_7|EMOJI_8|caps|default|numeric|shift|symbol,77,DESIGNED
wolofal,release/w/wolofal/source/wolofal.kmn,any,yes,yes,yes,phone,default|numeric|shift,19,DESIGNED
xinaliq,release/x/xinaliq/source/xinaliq.kmn,any,yes,yes,yes,tablet,default|numeric|shift,32,DESIGNED
xpert,release/x/xpert/source/xpert.kmn,any,yes,yes,yes,tablet,default|shift,0,DEFAULT_ONLY
yezidi,release/y/yezidi/source/yezidi.kmn,any,yes,yes,yes,phone,default|numeric|rightalt|shift,2,DESIGNED
yiddish_hebrew,release/y/yiddish_hebrew/source/yiddish_hebrew.kmn,any,yes,yes,yes,tablet,default|rightalt|shift,0,DESIGNED
yiddish_pasekh,release/y/yiddish_pasekh/source/yiddish_pasekh.kmn,any,yes,yes,yes,tablet,default|shift,1,DESIGNED
yidgha,release/y/yidgha/source/yidgha.kmn,any,yes,yes,yes,phone,ctrl|default|shift,0,DESIGNED
yo,release/y/yo/source/yo.kmn,any,yes,yes,yes,tablet,default|rightalt|rightalt-shift|rightctrl|rightctrl-rightalt|rightctrl-rightalt-shift|rightctrl-shift|shift,8,DESIGNED
younger_futhark_short_twig,release/y/younger_futhark_short_twig/source/younger_futhark_short_twig.kmn,any,yes,yes,yes,phone,default|numeric,2,DESIGNED
zanabazar_square,release/z/zanabazar_square/source/zanabazar_square.kmn,any,yes,yes,yes,phone,default|numeric,25,DESIGNED
